nodes,target,layout,dpx,sync,block_threads,grid_blocks,trial,kernel_s,endtoend_s,energy_j,mean_power_w,power_samples,mismatches
1000,gpu,coalesced,on,per-launch,256,1000,1,0.008549,0.008804,,,0,0
1000,gpu,coalesced,on,per-launch,256,1000,2,0.008548,0.008800,,,0,0
1000,gpu,coalesced,on,per-launch,256,1000,3,0.008538,0.008787,,,0,0
1000,gpu,coalesced,on,per-launch,256,1000,4,0.008543,0.008790,,,0,0
1000,gpu,coalesced,on,per-launch,256,1000,5,0.008544,0.008793,,,0,0
1000,gpu,coalesced,off,per-launch,256,1000,1,0.008573,0.008827,,,0,0
1000,gpu,coalesced,off,per-launch,256,1000,2,0.008573,0.008827,,,0,0
1000,gpu,coalesced,off,per-launch,256,1000,3,0.008574,0.008828,,,0,0
1000,gpu,coalesced,off,per-launch,256,1000,4,0.008575,0.008831,,,0,0
1000,gpu,coalesced,off,per-launch,256,1000,5,0.008586,0.008839,,,0,0
1000,gpu,coalesced,on,none,256,1000,1,0.004171,0.004423,,,0,0
1000,gpu,coalesced,on,none,256,1000,2,0.004174,0.004426,,,0,0
1000,gpu,coalesced,on,none,256,1000,3,0.004174,0.004431,,,0,0
1000,gpu,coalesced,on,none,256,1000,4,0.004177,0.004429,,,0,0
1000,gpu,coalesced,on,none,256,1000,5,0.004174,0.004427,,,0,0
1000,gpu,coalesced,off,none,256,1000,1,0.004175,0.004430,,,0,0
1000,gpu,coalesced,off,none,256,1000,2,0.004175,0.004428,,,0,0
1000,gpu,coalesced,off,none,256,1000,3,0.004172,0.004427,,,0,0
1000,gpu,coalesced,off,none,256,1000,4,0.004173,0.004430,,,0,0
1000,gpu,coalesced,off,none,256,1000,5,0.004172,0.004426,,,0,0
2000,gpu,coalesced,on,per-launch,256,1056,1,0.025014,0.025843,,,0,0
2000,gpu,coalesced,on,per-launch,256,1056,2,0.025007,0.025831,,,0,0
2000,gpu,coalesced,on,per-launch,256,1056,3,0.024997,0.025823,,,0,0
2000,gpu,coalesced,on,per-launch,256,1056,4,0.025000,0.025823,,,0,0
2000,gpu,coalesced,on,per-launch,256,1056,5,0.024955,0.025782,,,0,0
2000,gpu,coalesced,off,per-launch,256,1056,1,0.025014,0.025838,,,0,0
2000,gpu,coalesced,off,per-launch,256,1056,2,0.025056,0.025883,,,0,0
2000,gpu,coalesced,off,per-launch,256,1056,3,0.025031,0.025854,,,0,0
2000,gpu,coalesced,off,per-launch,256,1056,4,0.025057,0.025877,,,0,0
2000,gpu,coalesced,off,per-launch,256,1056,5,0.025019,0.025839,,,0,0
2000,gpu,coalesced,on,none,256,1056,1,0.016224,0.017044,,,0,0
2000,gpu,coalesced,on,none,256,1056,2,0.016220,0.017039,,,0,0
2000,gpu,coalesced,on,none,256,1056,3,0.016222,0.017048,,,0,0
2000,gpu,coalesced,on,none,256,1056,4,0.016246,0.017066,,,0,0
2000,gpu,coalesced,on,none,256,1056,5,0.016250,0.017073,,,0,0
2000,gpu,coalesced,off,none,256,1056,1,0.016208,0.017041,,,0,0
2000,gpu,coalesced,off,none,256,1056,2,0.016206,0.017047,,,0,0
2000,gpu,coalesced,off,none,256,1056,3,0.016203,0.017031,,,0,0
2000,gpu,coalesced,off,none,256,1056,4,0.016202,0.017033,,,0,0
2000,gpu,coalesced,off,none,256,1056,5,0.016238,0.017074,,,0,0
6000,gpu,coalesced,on,per-launch,256,1056,1,0.856728,0.864259,,,0,0
6000,gpu,coalesced,on,per-launch,256,1056,2,0.856440,0.864113,,,0,0
6000,gpu,coalesced,on,per-launch,256,1056,3,0.856510,0.864106,,,0,0
6000,gpu,coalesced,on,per-launch,256,1056,4,0.856322,0.863920,,,0,0
6000,gpu,coalesced,on,per-launch,256,1056,5,0.856133,0.863737,,,0,0
6000,gpu,coalesced,off,per-launch,256,1056,1,0.856200,0.863641,,,0,0
6000,gpu,coalesced,off,per-launch,256,1056,2,0.856305,0.863769,,,0,0
6000,gpu,coalesced,off,per-launch,256,1056,3,0.856171,0.863638,,,0,0
6000,gpu,coalesced,off,per-launch,256,1056,4,0.856151,0.863611,,,0,0
6000,gpu,coalesced,off,per-launch,256,1056,5,0.856087,0.863745,,,0,0
6000,gpu,coalesced,on,none,256,1056,1,0.831203,0.839006,,,0,0
6000,gpu,coalesced,on,none,256,1056,2,0.831389,0.838984,,,0,0
6000,gpu,coalesced,on,none,256,1056,3,0.830987,0.838585,,,0,0
6000,gpu,coalesced,on,none,256,1056,4,0.830705,0.838303,,,0,0
6000,gpu,coalesced,on,none,256,1056,5,0.830920,0.838518,,,0,0
6000,gpu,coalesced,off,none,256,1056,1,0.831069,0.839064,,,0,0
6000,gpu,coalesced,off,none,256,1056,2,0.831209,0.838978,,,0,0
6000,gpu,coalesced,off,none,256,1056,3,0.831329,0.839081,,,0,0
6000,gpu,coalesced,off,none,256,1056,4,0.830755,0.838527,,,0,0
6000,gpu,coalesced,off,none,256,1056,5,0.831073,0.838871,,,0,0
12000,gpu,coalesced,on,per-launch,256,1056,1,5.343605,5.373253,,,0,0
12000,gpu,coalesced,on,per-launch,256,1056,2,5.344069,5.373655,,,0,0
12000,gpu,coalesced,on,per-launch,256,1056,3,5.344150,5.373718,,,0,0
12000,gpu,coalesced,on,per-launch,256,1056,4,5.343815,5.373347,,,0,0
12000,gpu,coalesced,on,per-launch,256,1056,5,5.343639,5.372872,,,0,0
12000,gpu,coalesced,off,per-launch,256,1056,1,5.345271,5.374933,,,0,0
12000,gpu,coalesced,off,per-launch,256,1056,2,5.344900,5.374579,,,0,0
12000,gpu,coalesced,off,per-launch,256,1056,3,5.345129,5.374818,,,0,0
12000,gpu,coalesced,off,per-launch,256,1056,4,5.345867,5.375520,,,0,0
12000,gpu,coalesced,off,per-launch,256,1056,5,5.345133,5.374547,,,0,0
12000,gpu,coalesced,on,none,256,1056,1,5.294833,5.324666,,,0,0
12000,gpu,coalesced,on,none,256,1056,2,5.295664,5.325470,,,0,0
12000,gpu,coalesced,on,none,256,1056,3,5.295390,5.325332,,,0,0
12000,gpu,coalesced,on,none,256,1056,4,5.295583,5.325396,,,0,0
12000,gpu,coalesced,on,none,256,1056,5,5.295050,5.324674,,,0,0
12000,gpu,coalesced,off,none,256,1056,1,5.295593,5.325337,,,0,0
12000,gpu,coalesced,off,none,256,1056,2,5.295194,5.324900,,,0,0
12000,gpu,coalesced,off,none,256,1056,3,5.294192,5.323882,,,0,0
12000,gpu,coalesced,off,none,256,1056,4,5.289913,5.319579,,,0,0
12000,gpu,coalesced,off,none,256,1056,5,5.289379,5.318885,,,0,0
