signatures,payload,sig_len,mode,rows,dpx,alpha,block_threads,grid_blocks,exit,plant,seed,target,gpu,trial,kernel_s,endtoend_s,energy_j,mean_power_w,power_samples,energy_counter_j,found,report_sig,report_score,report_pos,mismatches
10000,512,16,literal,registers,on,0.8,32,157,first,-1,1,gpu,NVIDIA H200 NVL,1,0.000340,0.000355,,,1,0.000,0,,,,0
10000,512,16,literal,registers,on,0.8,32,157,first,-1,1,gpu,NVIDIA H200 NVL,2,0.000341,0.000357,,,0,0.000,0,,,,0
10000,512,16,literal,registers,on,0.8,32,157,first,-1,1,gpu,NVIDIA H200 NVL,3,0.000339,0.000353,,,0,0.000,0,,,,0
10000,512,16,literal,registers,on,0.8,32,157,first,-1,1,gpu,NVIDIA H200 NVL,4,0.000339,0.000353,,,1,9.820,0,,,,0
10000,512,16,literal,registers,on,0.8,32,157,first,-1,1,gpu,NVIDIA H200 NVL,5,0.000339,0.000352,,,0,0.000,0,,,,0
10000,512,16,literal,registers,off,0.8,32,157,first,-1,1,gpu,NVIDIA H200 NVL,1,0.000615,0.000629,,,0,0.000,0,,,,0
10000,512,16,literal,registers,off,0.8,32,157,first,-1,1,gpu,NVIDIA H200 NVL,2,0.000615,0.000630,,,1,0.000,0,,,,0
10000,512,16,literal,registers,off,0.8,32,157,first,-1,1,gpu,NVIDIA H200 NVL,3,0.000614,0.000628,,,1,0.000,0,,,,0
10000,512,16,literal,registers,off,0.8,32,157,first,-1,1,gpu,NVIDIA H200 NVL,4,0.000613,0.000628,,,1,0.000,0,,,,0
10000,512,16,literal,registers,off,0.8,32,157,first,-1,1,gpu,NVIDIA H200 NVL,5,0.000614,0.000628,,,0,0.000,0,,,,0
100000,512,16,literal,registers,on,0.8,32,1563,first,-1,1,gpu,NVIDIA H200 NVL,1,0.000530,0.000547,,,0,0.000,0,,,,0
100000,512,16,literal,registers,on,0.8,32,1563,first,-1,1,gpu,NVIDIA H200 NVL,2,0.000530,0.000545,,,0,0.000,0,,,,0
100000,512,16,literal,registers,on,0.8,32,1563,first,-1,1,gpu,NVIDIA H200 NVL,3,0.000529,0.000543,,,1,0.000,0,,,,0
100000,512,16,literal,registers,on,0.8,32,1563,first,-1,1,gpu,NVIDIA H200 NVL,4,0.000529,0.000542,,,0,0.000,0,,,,0
100000,512,16,literal,registers,on,0.8,32,1563,first,-1,1,gpu,NVIDIA H200 NVL,5,0.000529,0.000543,,,0,0.000,0,,,,0
100000,512,16,literal,registers,off,0.8,32,1563,first,-1,1,gpu,NVIDIA H200 NVL,1,0.001073,0.001088,,,1,0.000,0,,,,0
100000,512,16,literal,registers,off,0.8,32,1563,first,-1,1,gpu,NVIDIA H200 NVL,2,0.001074,0.001089,,,1,0.000,0,,,,0
100000,512,16,literal,registers,off,0.8,32,1563,first,-1,1,gpu,NVIDIA H200 NVL,3,0.001072,0.001086,,,1,0.000,0,,,,0
100000,512,16,literal,registers,off,0.8,32,1563,first,-1,1,gpu,NVIDIA H200 NVL,4,0.001072,0.001087,,,1,0.000,0,,,,0
100000,512,16,literal,registers,off,0.8,32,1563,first,-1,1,gpu,NVIDIA H200 NVL,5,0.001072,0.001086,,,1,0.000,0,,,,0
1000000,512,16,literal,registers,on,0.8,32,15625,first,-1,1,gpu,NVIDIA H200 NVL,1,0.004703,0.004718,0.316,99.960,4,10.146,0,,,,0
1000000,512,16,literal,registers,on,0.8,32,15625,first,-1,1,gpu,NVIDIA H200 NVL,2,0.004704,0.004719,0.316,99.960,4,0.000,0,,,,0
1000000,512,16,literal,registers,on,0.8,32,15625,first,-1,1,gpu,NVIDIA H200 NVL,3,0.004702,0.004717,0.418,99.960,5,0.000,0,,,,0
1000000,512,16,literal,registers,on,0.8,32,15625,first,-1,1,gpu,NVIDIA H200 NVL,4,0.004703,0.004717,0.316,99.960,4,0.000,0,,,,0
1000000,512,16,literal,registers,on,0.8,32,15625,first,-1,1,gpu,NVIDIA H200 NVL,5,0.004721,0.004735,0.419,99.960,5,0.000,0,,,,0
1000000,512,16,literal,registers,off,0.8,32,15625,first,-1,1,gpu,NVIDIA H200 NVL,1,0.009961,0.009977,0.972,102.466,10,0.000,0,,,,0
1000000,512,16,literal,registers,off,0.8,32,15625,first,-1,1,gpu,NVIDIA H200 NVL,2,0.009959,0.009975,0.864,102.466,9,0.000,0,,,,0
1000000,512,16,literal,registers,off,0.8,32,15625,first,-1,1,gpu,NVIDIA H200 NVL,3,0.009958,0.009972,0.979,103.295,10,0.000,0,,,,0
1000000,512,16,literal,registers,off,0.8,32,15625,first,-1,1,gpu,NVIDIA H200 NVL,4,0.009958,0.009976,0.887,105.231,9,14.642,0,,,,0
1000000,512,16,literal,registers,off,0.8,32,15625,first,-1,1,gpu,NVIDIA H200 NVL,5,0.009958,0.009973,0.995,105.231,10,0.000,0,,,,0
10000000,512,16,literal,registers,on,0.8,32,156250,first,-1,1,gpu,NVIDIA H200 NVL,1,0.045477,0.045494,4.541,102.708,43,0.000,0,,,,0
10000000,512,16,literal,registers,on,0.8,32,156250,first,-1,1,gpu,NVIDIA H200 NVL,2,0.045452,0.045469,4.678,105.910,43,21.365,0,,,,0
10000000,512,16,literal,registers,on,0.8,32,156250,first,-1,1,gpu,NVIDIA H200 NVL,3,0.045603,0.045619,5.048,114.183,43,0.000,0,,,,0
10000000,512,16,literal,registers,on,0.8,32,156250,first,-1,1,gpu,NVIDIA H200 NVL,4,0.045600,0.045615,5.339,118.030,44,0.000,0,,,,0
10000000,512,16,literal,registers,on,0.8,32,156250,first,-1,1,gpu,NVIDIA H200 NVL,5,0.045451,0.045467,5.513,124.761,43,21.685,0,,,,0
10000000,512,16,literal,registers,off,0.8,32,156250,first,-1,1,gpu,NVIDIA H200 NVL,1,0.096839,0.096856,9.622,100.424,92,19.887,0,,,,0
10000000,512,16,literal,registers,off,0.8,32,156250,first,-1,1,gpu,NVIDIA H200 NVL,2,0.096841,0.096858,10.619,110.701,92,20.516,0,,,,0
10000000,512,16,literal,registers,off,0.8,32,156250,first,-1,1,gpu,NVIDIA H200 NVL,3,0.096991,0.097007,11.713,122.251,92,20.317,0,,,,0
10000000,512,16,literal,registers,off,0.8,32,156250,first,-1,1,gpu,NVIDIA H200 NVL,4,0.096988,0.097005,12.688,132.431,92,20.379,0,,,,0
10000000,512,16,literal,registers,off,0.8,32,156250,first,-1,1,gpu,NVIDIA H200 NVL,5,0.097050,0.097065,13.606,141.983,92,19.008,0,,,,0
20000000,512,16,literal,registers,on,0.8,32,312500,first,-1,1,gpu,NVIDIA H200 NVL,1,0.090886,0.090905,8.256,91.111,87,21.465,0,,,,0
20000000,512,16,literal,registers,on,0.8,32,312500,first,-1,1,gpu,NVIDIA H200 NVL,2,0.090944,0.090961,9.485,104.698,87,22.136,0,,,,0
20000000,512,16,literal,registers,on,0.8,32,312500,first,-1,1,gpu,NVIDIA H200 NVL,3,0.090891,0.090907,10.831,119.561,87,21.983,0,,,,0
20000000,512,16,literal,registers,on,0.8,32,312500,first,-1,1,gpu,NVIDIA H200 NVL,4,0.090943,0.090959,11.895,132.866,86,21.988,0,,,,0
20000000,512,16,literal,registers,on,0.8,32,312500,first,-1,1,gpu,NVIDIA H200 NVL,5,0.090889,0.090905,13.161,147.015,86,21.958,0,,,,0
20000000,512,16,literal,registers,off,0.8,32,312500,first,-1,1,gpu,NVIDIA H200 NVL,1,0.193827,0.193846,20.677,107.355,184,41.032,0,,,,0
20000000,512,16,literal,registers,off,0.8,32,312500,first,-1,1,gpu,NVIDIA H200 NVL,2,0.193824,0.193845,25.867,133.569,185,41.028,0,,,,0
20000000,512,16,literal,registers,off,0.8,32,312500,first,-1,1,gpu,NVIDIA H200 NVL,3,0.193824,0.193840,30.654,159.155,184,41.094,0,,,,0
20000000,512,16,literal,registers,off,0.8,32,312500,first,-1,1,gpu,NVIDIA H200 NVL,4,0.193818,0.193854,35.481,184.212,184,41.122,0,,,,0
20000000,512,16,literal,registers,off,0.8,32,312500,first,-1,1,gpu,NVIDIA H200 NVL,5,0.193827,0.193849,39.012,202.524,184,41.033,0,,,,0
30000000,512,16,literal,registers,on,0.8,32,468750,first,-1,1,gpu,NVIDIA H200 NVL,1,0.136280,0.136298,13.671,101.497,129,45.525,0,,,,0
30000000,512,16,literal,registers,on,0.8,32,468750,first,-1,1,gpu,NVIDIA H200 NVL,2,0.136262,0.136281,16.254,119.699,130,20.690,0,,,,0
30000000,512,16,literal,registers,on,0.8,32,468750,first,-1,1,gpu,NVIDIA H200 NVL,3,0.136285,0.136302,19.378,142.714,130,45.463,0,,,,0
30000000,512,16,literal,registers,on,0.8,32,468750,first,-1,1,gpu,NVIDIA H200 NVL,4,0.136291,0.136311,22.658,166.800,130,20.553,0,,,,0
30000000,512,16,literal,registers,on,0.8,32,468750,first,-1,1,gpu,NVIDIA H200 NVL,5,0.136284,0.136300,25.264,187.369,129,22.394,0,,,,0
30000000,512,16,literal,registers,off,0.8,32,468750,first,-1,1,gpu,NVIDIA H200 NVL,1,0.290480,0.290501,36.850,127.316,276,61.678,0,,,,0
30000000,512,16,literal,registers,off,0.8,32,468750,first,-1,1,gpu,NVIDIA H200 NVL,2,0.290490,0.290513,47.650,164.626,276,61.545,0,,,,0
30000000,512,16,literal,registers,off,0.8,32,468750,first,-1,1,gpu,NVIDIA H200 NVL,3,0.290483,0.290501,57.603,198.983,276,61.415,0,,,,0
30000000,512,16,literal,registers,off,0.8,32,468750,first,-1,1,gpu,NVIDIA H200 NVL,4,0.290479,0.290498,59.424,205.275,276,61.468,0,,,,0
30000000,512,16,literal,registers,off,0.8,32,468750,first,-1,1,gpu,NVIDIA H200 NVL,5,0.290478,0.290496,59.443,205.343,276,61.496,0,,,,0
40000000,512,16,literal,registers,on,0.8,32,625000,first,-1,1,gpu,NVIDIA H200 NVL,1,0.181481,0.181499,19.537,108.537,172,45.603,0,,,,0
40000000,512,16,literal,registers,on,0.8,32,625000,first,-1,1,gpu,NVIDIA H200 NVL,2,0.181629,0.181648,24.999,138.891,172,45.296,0,,,,0
40000000,512,16,literal,registers,on,0.8,32,625000,first,-1,1,gpu,NVIDIA H200 NVL,3,0.181632,0.181649,30.356,167.684,173,45.131,0,,,,0
40000000,512,16,literal,registers,on,0.8,32,625000,first,-1,1,gpu,NVIDIA H200 NVL,4,0.181628,0.181644,35.413,195.624,173,45.474,0,,,,0
40000000,512,16,literal,registers,on,0.8,32,625000,first,-1,1,gpu,NVIDIA H200 NVL,5,0.181628,0.181649,40.011,220.985,173,44.971,0,,,,0
40000000,512,16,literal,registers,off,0.8,32,625000,first,-1,1,gpu,NVIDIA H200 NVL,1,0.387071,0.387091,55.509,143.684,368,81.371,0,,,,0
40000000,512,16,literal,registers,off,0.8,32,625000,first,-1,1,gpu,NVIDIA H200 NVL,2,0.387170,0.387194,74.160,191.947,368,80.923,0,,,,0
40000000,512,16,literal,registers,off,0.8,32,625000,first,-1,1,gpu,NVIDIA H200 NVL,3,0.387169,0.387188,78.044,202.019,368,81.083,0,,,,0
40000000,512,16,literal,registers,off,0.8,32,625000,first,-1,1,gpu,NVIDIA H200 NVL,4,0.387165,0.387185,77.909,201.671,368,80.815,0,,,,0
40000000,512,16,literal,registers,off,0.8,32,625000,first,-1,1,gpu,NVIDIA H200 NVL,5,0.387148,0.387166,77.778,201.884,367,81.192,0,,,,0
50000000,512,16,literal,registers,on,0.8,32,781250,first,-1,1,gpu,NVIDIA H200 NVL,1,0.226970,0.226988,27.391,121.044,216,45.120,0,,,,0
50000000,512,16,literal,registers,on,0.8,32,781250,first,-1,1,gpu,NVIDIA H200 NVL,2,0.226969,0.226987,35.535,157.737,215,68.107,0,,,,0
50000000,512,16,literal,registers,on,0.8,32,781250,first,-1,1,gpu,NVIDIA H200 NVL,3,0.226973,0.226990,43.141,190.646,216,45.178,0,,,,0
50000000,512,16,literal,registers,on,0.8,32,781250,first,-1,1,gpu,NVIDIA H200 NVL,4,0.226974,0.226994,49.918,220.558,216,45.347,0,,,,0
50000000,512,16,literal,registers,on,0.8,32,781250,first,-1,1,gpu,NVIDIA H200 NVL,5,0.226975,0.226992,50.138,221.543,216,38.272,0,,,,0
50000000,512,16,literal,registers,off,0.8,32,781250,first,-1,1,gpu,NVIDIA H200 NVL,1,0.483848,0.483869,78.734,162.893,460,101.960,0,,,,0
50000000,512,16,literal,registers,off,0.8,32,781250,first,-1,1,gpu,NVIDIA H200 NVL,2,0.483822,0.483847,97.789,202.823,459,101.946,0,,,,0
50000000,512,16,literal,registers,off,0.8,32,781250,first,-1,1,gpu,NVIDIA H200 NVL,3,0.483821,0.483840,98.225,203.741,459,102.073,0,,,,0
50000000,512,16,literal,registers,off,0.8,32,781250,first,-1,1,gpu,NVIDIA H200 NVL,4,0.483821,0.483840,98.472,203.808,460,102.205,0,,,,0
50000000,512,16,literal,registers,off,0.8,32,781250,first,-1,1,gpu,NVIDIA H200 NVL,5,0.483825,0.483843,98.551,203.971,460,102.102,0,,,,0
10000,1024,32,literal,registers,on,0.8,32,157,first,-1,1,gpu,NVIDIA H200 NVL,1,0.001245,0.001260,,,1,0.000,0,,,,0
10000,1024,32,literal,registers,on,0.8,32,157,first,-1,1,gpu,NVIDIA H200 NVL,2,0.001244,0.001259,,,1,0.000,0,,,,0
10000,1024,32,literal,registers,on,0.8,32,157,first,-1,1,gpu,NVIDIA H200 NVL,3,0.001243,0.001258,,,1,0.000,0,,,,0
10000,1024,32,literal,registers,on,0.8,32,157,first,-1,1,gpu,NVIDIA H200 NVL,4,0.001243,0.001258,0.144,141.064,2,0.000,0,,,,0
10000,1024,32,literal,registers,on,0.8,32,157,first,-1,1,gpu,NVIDIA H200 NVL,5,0.001249,0.001263,,,1,0.000,0,,,,0
10000,1024,32,literal,registers,off,0.8,32,157,first,-1,1,gpu,NVIDIA H200 NVL,1,0.002536,0.002552,0.101,96.047,2,0.000,0,,,,0
10000,1024,32,literal,registers,off,0.8,32,157,first,-1,1,gpu,NVIDIA H200 NVL,2,0.002537,0.002552,0.101,95.597,2,0.000,0,,,,0
10000,1024,32,literal,registers,off,0.8,32,157,first,-1,1,gpu,NVIDIA H200 NVL,3,0.002536,0.002550,0.202,95.597,3,0.000,0,,,,0
10000,1024,32,literal,registers,off,0.8,32,157,first,-1,1,gpu,NVIDIA H200 NVL,4,0.002536,0.002551,0.101,95.597,2,0.000,0,,,,0
10000,1024,32,literal,registers,off,0.8,32,157,first,-1,1,gpu,NVIDIA H200 NVL,5,0.002536,0.002550,0.201,95.597,3,0.000,0,,,,0
100000,1024,32,literal,registers,on,0.8,32,1563,first,-1,1,gpu,NVIDIA H200 NVL,1,0.002018,0.002033,0.101,95.866,2,0.000,0,,,,0
100000,1024,32,literal,registers,on,0.8,32,1563,first,-1,1,gpu,NVIDIA H200 NVL,2,0.002018,0.002033,0.101,95.866,2,0.000,0,,,,0
100000,1024,32,literal,registers,on,0.8,32,1563,first,-1,1,gpu,NVIDIA H200 NVL,3,0.002016,0.002031,0.101,95.866,2,0.000,0,,,,0
100000,1024,32,literal,registers,on,0.8,32,1563,first,-1,1,gpu,NVIDIA H200 NVL,4,0.002017,0.002031,0.101,95.866,2,0.000,0,,,,0
100000,1024,32,literal,registers,on,0.8,32,1563,first,-1,1,gpu,NVIDIA H200 NVL,5,0.002016,0.002032,0.101,95.866,2,0.000,0,,,,0
100000,1024,32,literal,registers,off,0.8,32,1563,first,-1,1,gpu,NVIDIA H200 NVL,1,0.005660,0.005676,0.408,97.600,5,0.000,0,,,,0
100000,1024,32,literal,registers,off,0.8,32,1563,first,-1,1,gpu,NVIDIA H200 NVL,2,0.005660,0.005675,0.515,97.600,6,0.000,0,,,,0
100000,1024,32,literal,registers,off,0.8,32,1563,first,-1,1,gpu,NVIDIA H200 NVL,3,0.005659,0.005673,0.514,97.600,6,10.792,0,,,,0
100000,1024,32,literal,registers,off,0.8,32,1563,first,-1,1,gpu,NVIDIA H200 NVL,4,0.005659,0.005675,0.514,97.600,6,0.000,0,,,,0
100000,1024,32,literal,registers,off,0.8,32,1563,first,-1,1,gpu,NVIDIA H200 NVL,5,0.005659,0.005673,0.409,97.600,5,0.000,0,,,,0
1000000,1024,32,literal,registers,on,0.8,32,15625,first,-1,1,gpu,NVIDIA H200 NVL,1,0.019999,0.020015,1.875,99.012,19,12.606,0,,,,0
1000000,1024,32,literal,registers,on,0.8,32,15625,first,-1,1,gpu,NVIDIA H200 NVL,2,0.019996,0.020011,1.907,100.596,19,0.000,0,,,,0
1000000,1024,32,literal,registers,on,0.8,32,15625,first,-1,1,gpu,NVIDIA H200 NVL,3,0.020002,0.020016,1.907,100.684,19,0.000,0,,,,0
1000000,1024,32,literal,registers,on,0.8,32,15625,first,-1,1,gpu,NVIDIA H200 NVL,4,0.020006,0.020020,1.907,100.684,19,0.000,0,,,,0
1000000,1024,32,literal,registers,on,0.8,32,15625,first,-1,1,gpu,NVIDIA H200 NVL,5,0.020003,0.020017,1.908,100.684,19,0.000,0,,,,0
1000000,1024,32,literal,registers,off,0.8,32,15625,first,-1,1,gpu,NVIDIA H200 NVL,1,0.048278,0.048295,4.882,103.102,46,14.163,0,,,,0
1000000,1024,32,literal,registers,off,0.8,32,15625,first,-1,1,gpu,NVIDIA H200 NVL,2,0.048267,0.048283,4.965,104.837,46,19.278,0,,,,0
1000000,1024,32,literal,registers,off,0.8,32,15625,first,-1,1,gpu,NVIDIA H200 NVL,3,0.048274,0.048290,5.054,106.721,46,0.000,0,,,,0
1000000,1024,32,literal,registers,off,0.8,32,15625,first,-1,1,gpu,NVIDIA H200 NVL,4,0.048276,0.048292,5.325,112.466,46,17.829,0,,,,0
1000000,1024,32,literal,registers,off,0.8,32,15625,first,-1,1,gpu,NVIDIA H200 NVL,5,0.048272,0.048288,5.525,116.632,46,0.000,0,,,,0
10000000,1024,32,literal,registers,on,0.8,32,156250,first,-1,1,gpu,NVIDIA H200 NVL,1,0.195527,0.195549,21.492,110.330,186,43.262,0,,,,0
10000000,1024,32,literal,registers,on,0.8,32,156250,first,-1,1,gpu,NVIDIA H200 NVL,2,0.195523,0.195541,27.000,138.619,186,43.261,0,,,,0
10000000,1024,32,literal,registers,on,0.8,32,156250,first,-1,1,gpu,NVIDIA H200 NVL,3,0.195521,0.195538,32.756,168.148,186,43.033,0,,,,0
10000000,1024,32,literal,registers,on,0.8,32,156250,first,-1,1,gpu,NVIDIA H200 NVL,4,0.195856,0.195893,38.346,196.918,186,43.334,0,,,,0
10000000,1024,32,literal,registers,on,0.8,32,156250,first,-1,1,gpu,NVIDIA H200 NVL,5,0.195524,0.195546,41.972,215.541,186,43.514,0,,,,0
10000000,1024,32,literal,registers,off,0.8,32,156250,first,-1,1,gpu,NVIDIA H200 NVL,1,0.473230,0.473252,76.878,162.661,450,81.125,0,,,,0
10000000,1024,32,literal,registers,off,0.8,32,156250,first,-1,1,gpu,NVIDIA H200 NVL,2,0.473118,0.473160,94.944,201.330,449,101.909,0,,,,0
10000000,1024,32,literal,registers,off,0.8,32,156250,first,-1,1,gpu,NVIDIA H200 NVL,3,0.473118,0.473143,95.884,203.330,449,101.914,0,,,,0
10000000,1024,32,literal,registers,off,0.8,32,156250,first,-1,1,gpu,NVIDIA H200 NVL,4,0.473121,0.473143,95.914,203.394,449,101.936,0,,,,0
10000000,1024,32,literal,registers,off,0.8,32,156250,first,-1,1,gpu,NVIDIA H200 NVL,5,0.473109,0.473131,95.987,203.549,449,102.065,0,,,,0
20000000,1024,32,literal,registers,on,0.8,32,312500,first,-1,1,gpu,NVIDIA H200 NVL,1,0.390682,0.390701,60.188,154.530,371,87.597,0,,,,0
20000000,1024,32,literal,registers,on,0.8,32,312500,first,-1,1,gpu,NVIDIA H200 NVL,2,0.390873,0.390895,80.825,206.925,372,87.573,0,,,,0
20000000,1024,32,literal,registers,on,0.8,32,312500,first,-1,1,gpu,NVIDIA H200 NVL,3,0.390682,0.390701,85.273,218.954,371,87.365,0,,,,0
20000000,1024,32,literal,registers,on,0.8,32,312500,first,-1,1,gpu,NVIDIA H200 NVL,4,0.390867,0.390886,85.227,218.837,371,87.365,0,,,,0
20000000,1024,32,literal,registers,on,0.8,32,312500,first,-1,1,gpu,NVIDIA H200 NVL,5,0.390680,0.390699,85.268,218.940,371,87.507,0,,,,0
20000000,1024,32,literal,registers,off,0.8,32,312500,first,-1,1,gpu,NVIDIA H200 NVL,1,0.945698,0.945727,192.024,203.134,899,204.477,0,,,,0
20000000,1024,32,literal,registers,off,0.8,32,312500,first,-1,1,gpu,NVIDIA H200 NVL,2,0.945660,0.945689,192.966,204.343,898,183.935,0,,,,0
20000000,1024,32,literal,registers,off,0.8,32,312500,first,-1,1,gpu,NVIDIA H200 NVL,3,0.945160,0.945202,193.110,204.524,898,204.882,0,,,,0
20000000,1024,32,literal,registers,off,0.8,32,312500,first,-1,1,gpu,NVIDIA H200 NVL,4,0.945690,0.945722,193.667,204.882,899,183.921,0,,,,0
20000000,1024,32,literal,registers,off,0.8,32,312500,first,-1,1,gpu,NVIDIA H200 NVL,5,0.945519,0.945543,193.332,204.526,899,204.929,0,,,,0
30000000,1024,32,literal,registers,on,0.8,32,468750,first,-1,1,gpu,NVIDIA H200 NVL,1,0.585920,0.585941,112.959,192.999,557,130.496,0,,,,0
30000000,1024,32,literal,registers,on,0.8,32,468750,first,-1,1,gpu,NVIDIA H200 NVL,2,0.585839,0.585864,126.954,216.927,557,130.556,0,,,,0
30000000,1024,32,literal,registers,on,0.8,32,468750,first,-1,1,gpu,NVIDIA H200 NVL,3,0.585935,0.585977,126.896,217.219,556,130.580,0,,,,0
30000000,1024,32,literal,registers,on,0.8,32,468750,first,-1,1,gpu,NVIDIA H200 NVL,4,0.585833,0.585862,126.991,217.383,556,130.639,0,,,,0
30000000,1024,32,literal,registers,on,0.8,32,468750,first,-1,1,gpu,NVIDIA H200 NVL,5,0.585915,0.585935,127.243,217.420,557,130.709,0,,,,0
30000000,1024,32,literal,registers,off,0.8,32,468750,first,-1,1,gpu,NVIDIA H200 NVL,1,1.417471,1.417524,289.874,204.729,1346,307.128,0,,,,0
30000000,1024,32,literal,registers,off,0.8,32,468750,first,-1,1,gpu,NVIDIA H200 NVL,2,1.417485,1.417519,289.364,204.234,1347,285.992,0,,,,0
30000000,1024,32,literal,registers,off,0.8,32,468750,first,-1,1,gpu,NVIDIA H200 NVL,3,1.417009,1.417036,290.108,204.910,1346,286.899,0,,,,0
30000000,1024,32,literal,registers,off,0.8,32,468750,first,-1,1,gpu,NVIDIA H200 NVL,4,1.417461,1.417488,290.583,205.093,1347,287.139,0,,,,0
30000000,1024,32,literal,registers,off,0.8,32,468750,first,-1,1,gpu,NVIDIA H200 NVL,5,1.417473,1.417502,290.843,205.430,1346,307.972,0,,,,0
40000000,1024,32,literal,registers,on,0.8,32,625000,first,-1,1,gpu,NVIDIA H200 NVL,1,0.780976,0.781002,164.599,211.008,742,174.018,0,,,,0
40000000,1024,32,literal,registers,on,0.8,32,625000,first,-1,1,gpu,NVIDIA H200 NVL,2,0.781012,0.781036,169.562,217.388,742,174.156,0,,,,0
40000000,1024,32,literal,registers,on,0.8,32,625000,first,-1,1,gpu,NVIDIA H200 NVL,3,0.780983,0.781003,169.852,217.762,742,174.271,0,,,,0
40000000,1024,32,literal,registers,on,0.8,32,625000,first,-1,1,gpu,NVIDIA H200 NVL,4,0.780986,0.781026,169.936,217.868,742,174.446,0,,,,0
40000000,1024,32,literal,registers,on,0.8,32,625000,first,-1,1,gpu,NVIDIA H200 NVL,5,0.781012,0.781040,169.973,217.917,742,174.478,0,,,,0
40000000,1024,32,literal,registers,off,0.8,32,625000,first,-1,1,gpu,NVIDIA H200 NVL,1,1.889278,1.889329,386.375,204.603,1795,406.262,0,,,,0
40000000,1024,32,literal,registers,off,0.8,32,625000,first,-1,1,gpu,NVIDIA H200 NVL,2,1.889148,1.889190,380.913,201.711,1795,385.857,0,,,,0
40000000,1024,32,literal,registers,off,0.8,32,625000,first,-1,1,gpu,NVIDIA H200 NVL,3,1.888604,1.888637,387.225,205.166,1794,389.848,0,,,,0
40000000,1024,32,literal,registers,off,0.8,32,625000,first,-1,1,gpu,NVIDIA H200 NVL,4,1.889279,1.889310,387.841,205.378,1795,390.161,0,,,,0
40000000,1024,32,literal,registers,off,0.8,32,625000,first,-1,1,gpu,NVIDIA H200 NVL,5,1.888223,1.888252,387.479,205.418,1793,390.569,0,,,,0
50000000,1024,32,literal,registers,on,0.8,32,781250,first,-1,1,gpu,NVIDIA H200 NVL,1,0.976138,0.976165,213.755,219.055,928,219.763,0,,,,0
50000000,1024,32,literal,registers,on,0.8,32,781250,first,-1,1,gpu,NVIDIA H200 NVL,2,0.976136,0.976160,214.696,220.014,928,219.896,0,,,,0
50000000,1024,32,literal,registers,on,0.8,32,781250,first,-1,1,gpu,NVIDIA H200 NVL,3,0.976135,0.976159,214.364,219.919,927,220.133,0,,,,0
50000000,1024,32,literal,registers,on,0.8,32,781250,first,-1,1,gpu,NVIDIA H200 NVL,4,0.976112,0.976156,213.718,219.260,927,197.582,0,,,,0
50000000,1024,32,literal,registers,on,0.8,32,781250,first,-1,1,gpu,NVIDIA H200 NVL,5,0.976142,0.976170,214.351,219.872,927,198.134,0,,,,0
50000000,1024,32,literal,registers,off,0.8,32,781250,first,-1,1,gpu,NVIDIA H200 NVL,1,2.361050,2.361081,483.358,204.804,2243,491.327,0,,,,0
50000000,1024,32,literal,registers,off,0.8,32,781250,first,-1,1,gpu,NVIDIA H200 NVL,2,2.361047,2.361101,483.975,205.070,2243,492.265,0,,,,0
50000000,1024,32,literal,registers,off,0.8,32,781250,first,-1,1,gpu,NVIDIA H200 NVL,3,2.360761,2.360797,483.887,205.129,2242,472.060,0,,,,0
50000000,1024,32,literal,registers,off,0.8,32,781250,first,-1,1,gpu,NVIDIA H200 NVL,4,2.361073,2.361103,485.227,205.605,2243,509.492,0,,,,0
50000000,1024,32,literal,registers,off,0.8,32,781250,first,-1,1,gpu,NVIDIA H200 NVL,5,2.360841,2.360873,478.410,202.718,2243,469.874,0,,,,0
