alphabet,mode,payload,sig_len,signatures,alpha,seed,planted,found,report_sig,report_score,report_pos,mismatches
lower26,literal,512,16,10000,0.80,1,1,1,1356,13,11,0
lower26,literal,512,16,10000,0.80,1,0,0,,,,0
lower26,literal,512,16,10000,0.80,2,1,1,1356,13,11,0
lower26,literal,512,16,10000,0.80,2,0,0,,,,0
lower26,literal,512,16,10000,0.80,3,1,1,1356,13,12,0
lower26,literal,512,16,10000,0.80,3,0,0,,,,0
lower26,literal,512,16,10000,0.80,4,1,1,1356,13,12,0
lower26,literal,512,16,10000,0.80,4,0,0,,,,0
lower26,literal,512,16,10000,0.80,5,1,1,1356,13,12,0
lower26,literal,512,16,10000,0.80,5,0,0,,,,0
lower26,literal,512,16,10000,0.80,6,1,1,1356,13,12,0
lower26,literal,512,16,10000,0.80,6,0,0,,,,0
lower26,literal,512,16,10000,0.80,7,1,1,1356,13,12,0
lower26,literal,512,16,10000,0.80,7,0,0,,,,0
lower26,literal,512,16,10000,0.80,8,1,1,1356,13,12,0
lower26,literal,512,16,10000,0.80,8,0,0,,,,0
lower26,literal,512,16,10000,0.80,9,1,1,1356,13,11,0
lower26,literal,512,16,10000,0.80,9,0,0,,,,0
lower26,literal,512,16,10000,0.80,10,1,1,1356,13,12,0
lower26,literal,512,16,10000,0.80,10,0,0,,,,0
lower26,literal,512,16,10000,0.80,11,1,1,1356,13,12,0
lower26,literal,512,16,10000,0.80,11,0,0,,,,0
lower26,literal,512,16,10000,0.80,12,1,1,1356,13,12,0
lower26,literal,512,16,10000,0.80,12,0,0,,,,0
lower26,literal,512,16,10000,0.80,13,1,1,1356,13,11,0
lower26,literal,512,16,10000,0.80,13,0,0,,,,0
lower26,literal,512,16,10000,0.80,14,1,1,1356,13,12,0
lower26,literal,512,16,10000,0.80,14,0,0,,,,0
lower26,literal,512,16,10000,0.80,15,1,1,1356,13,11,0
lower26,literal,512,16,10000,0.80,15,0,0,,,,0
lower26,literal,512,16,10000,0.80,16,1,1,1356,13,11,0
lower26,literal,512,16,10000,0.80,16,0,0,,,,0
lower26,literal,512,16,10000,0.80,17,1,1,1356,13,12,0
lower26,literal,512,16,10000,0.80,17,0,0,,,,0
lower26,literal,512,16,10000,0.80,18,1,1,1356,13,11,0
lower26,literal,512,16,10000,0.80,18,0,0,,,,0
lower26,literal,512,16,10000,0.80,19,1,1,1356,13,11,0
lower26,literal,512,16,10000,0.80,19,0,0,,,,0
lower26,literal,512,16,10000,0.80,20,1,1,1356,13,12,0
lower26,literal,512,16,10000,0.80,20,0,0,,,,0
lower26,literal,512,16,10000,0.80,21,1,1,1356,13,12,0
lower26,literal,512,16,10000,0.80,21,0,0,,,,0
lower26,literal,512,16,10000,0.80,22,1,1,1356,13,12,0
lower26,literal,512,16,10000,0.80,22,0,0,,,,0
lower26,literal,512,16,10000,0.80,23,1,1,1356,13,10,0
lower26,literal,512,16,10000,0.80,23,0,0,,,,0
lower26,literal,512,16,10000,0.80,24,1,1,1356,13,12,0
lower26,literal,512,16,10000,0.80,24,0,0,,,,0
lower26,literal,512,16,10000,0.80,25,1,1,1356,13,12,0
lower26,literal,512,16,10000,0.80,25,0,0,,,,0
lower26,literal,512,16,10000,0.80,26,1,1,1356,13,12,0
lower26,literal,512,16,10000,0.80,26,0,0,,,,0
lower26,literal,512,16,10000,0.80,27,1,1,1356,13,11,0
lower26,literal,512,16,10000,0.80,27,0,0,,,,0
lower26,literal,512,16,10000,0.80,28,1,1,1356,13,12,0
lower26,literal,512,16,10000,0.80,28,0,0,,,,0
lower26,literal,512,16,10000,0.80,29,1,1,1356,13,11,0
lower26,literal,512,16,10000,0.80,29,0,0,,,,0
lower26,literal,512,16,10000,0.80,30,1,1,1356,13,11,0
lower26,literal,512,16,10000,0.80,30,0,0,,,,0
lower26,literal,512,16,10000,0.80,31,1,1,1356,13,12,0
lower26,literal,512,16,10000,0.80,31,0,0,,,,0
lower26,literal,512,16,10000,0.80,32,1,1,1356,13,11,0
lower26,literal,512,16,10000,0.80,32,0,0,,,,0
lower26,literal,512,16,10000,0.80,33,1,1,1356,13,11,0
lower26,literal,512,16,10000,0.80,33,0,0,,,,0
lower26,literal,512,16,10000,0.80,34,1,1,1356,13,12,0
lower26,literal,512,16,10000,0.80,34,0,0,,,,0
lower26,literal,512,16,10000,0.80,35,1,1,1356,13,12,0
lower26,literal,512,16,10000,0.80,35,0,0,,,,0
lower26,literal,512,16,10000,0.80,36,1,1,1356,13,12,0
lower26,literal,512,16,10000,0.80,36,0,0,,,,0
lower26,literal,512,16,10000,0.80,37,1,1,1356,13,12,0
lower26,literal,512,16,10000,0.80,37,0,0,,,,0
lower26,literal,512,16,10000,0.80,38,1,1,1356,13,12,0
lower26,literal,512,16,10000,0.80,38,0,0,,,,0
lower26,literal,512,16,10000,0.80,39,1,1,1356,13,12,0
lower26,literal,512,16,10000,0.80,39,0,0,,,,0
lower26,literal,512,16,10000,0.80,40,1,1,1356,13,11,0
lower26,literal,512,16,10000,0.80,40,0,0,,,,0
lower26,literal,512,16,10000,0.80,41,1,1,1356,13,12,0
lower26,literal,512,16,10000,0.80,41,0,0,,,,0
lower26,literal,512,16,10000,0.80,42,1,1,1356,13,10,0
lower26,literal,512,16,10000,0.80,42,0,0,,,,0
lower26,literal,512,16,10000,0.80,43,1,1,1356,13,12,0
lower26,literal,512,16,10000,0.80,43,0,0,,,,0
lower26,literal,512,16,10000,0.80,44,1,1,1356,13,12,0
lower26,literal,512,16,10000,0.80,44,0,0,,,,0
lower26,literal,512,16,10000,0.80,45,1,1,1356,13,11,0
lower26,literal,512,16,10000,0.80,45,0,0,,,,0
lower26,literal,512,16,10000,0.80,46,1,1,1356,13,12,0
lower26,literal,512,16,10000,0.80,46,0,0,,,,0
lower26,literal,512,16,10000,0.80,47,1,1,1356,13,12,0
lower26,literal,512,16,10000,0.80,47,0,0,,,,0
lower26,literal,512,16,10000,0.80,48,1,1,1356,13,11,0
lower26,literal,512,16,10000,0.80,48,0,0,,,,0
lower26,literal,512,16,10000,0.80,49,1,1,1356,13,12,0
lower26,literal,512,16,10000,0.80,49,0,0,,,,0
lower26,literal,512,16,10000,0.80,50,1,1,1356,13,12,0
lower26,literal,512,16,10000,0.80,50,0,0,,,,0
lower26,literal,512,16,10000,0.80,51,1,1,1356,13,11,0
lower26,literal,512,16,10000,0.80,51,0,0,,,,0
lower26,literal,512,16,10000,0.80,52,1,1,1356,13,12,0
lower26,literal,512,16,10000,0.80,52,0,0,,,,0
lower26,literal,512,16,10000,0.80,53,1,1,1356,13,12,0
lower26,literal,512,16,10000,0.80,53,0,0,,,,0
lower26,literal,512,16,10000,0.80,54,1,1,1356,13,12,0
lower26,literal,512,16,10000,0.80,54,0,0,,,,0
lower26,literal,512,16,10000,0.80,55,1,1,1356,13,11,0
lower26,literal,512,16,10000,0.80,55,0,0,,,,0
lower26,literal,512,16,10000,0.80,56,1,1,1356,13,12,0
lower26,literal,512,16,10000,0.80,56,0,0,,,,0
lower26,literal,512,16,10000,0.80,57,1,1,1356,13,11,0
lower26,literal,512,16,10000,0.80,57,0,0,,,,0
lower26,literal,512,16,10000,0.80,58,1,1,1356,13,12,0
lower26,literal,512,16,10000,0.80,58,0,0,,,,0
lower26,literal,512,16,10000,0.80,59,1,1,1356,13,12,0
lower26,literal,512,16,10000,0.80,59,0,0,,,,0
lower26,literal,512,16,10000,0.80,60,1,1,1356,13,12,0
lower26,literal,512,16,10000,0.80,60,0,0,,,,0
lower26,literal,512,16,10000,0.80,61,1,1,1356,13,11,0
lower26,literal,512,16,10000,0.80,61,0,0,,,,0
lower26,literal,512,16,10000,0.80,62,1,1,1356,13,12,0
lower26,literal,512,16,10000,0.80,62,0,0,,,,0
lower26,literal,512,16,10000,0.80,63,1,1,1356,13,12,0
lower26,literal,512,16,10000,0.80,63,0,0,,,,0
lower26,literal,512,16,10000,0.80,64,1,1,1356,13,12,0
lower26,literal,512,16,10000,0.80,64,0,0,,,,0
lower26,literal,512,16,10000,0.80,65,1,1,1356,13,12,0
lower26,literal,512,16,10000,0.80,65,0,0,,,,0
lower26,literal,512,16,10000,0.80,66,1,1,1356,13,11,0
lower26,literal,512,16,10000,0.80,66,0,0,,,,0
lower26,literal,512,16,10000,0.80,67,1,1,1356,13,12,0
lower26,literal,512,16,10000,0.80,67,0,0,,,,0
lower26,literal,512,16,10000,0.80,68,1,1,1356,13,11,0
lower26,literal,512,16,10000,0.80,68,0,0,,,,0
lower26,literal,512,16,10000,0.80,69,1,1,1356,13,11,0
lower26,literal,512,16,10000,0.80,69,0,0,,,,0
lower26,literal,512,16,10000,0.80,70,1,1,1356,13,12,0
lower26,literal,512,16,10000,0.80,70,0,0,,,,0
lower26,literal,512,16,10000,0.80,71,1,1,1356,13,12,0
lower26,literal,512,16,10000,0.80,71,0,0,,,,0
lower26,literal,512,16,10000,0.80,72,1,1,1356,13,11,0
lower26,literal,512,16,10000,0.80,72,0,0,,,,0
lower26,literal,512,16,10000,0.80,73,1,1,1356,13,12,0
lower26,literal,512,16,10000,0.80,73,0,0,,,,0
lower26,literal,512,16,10000,0.80,74,1,1,1356,13,11,0
lower26,literal,512,16,10000,0.80,74,0,0,,,,0
lower26,literal,512,16,10000,0.80,75,1,1,1356,13,12,0
lower26,literal,512,16,10000,0.80,75,0,0,,,,0
lower26,literal,512,16,10000,0.80,76,1,1,1356,13,11,0
lower26,literal,512,16,10000,0.80,76,0,0,,,,0
lower26,literal,512,16,10000,0.80,77,1,1,1356,13,11,0
lower26,literal,512,16,10000,0.80,77,0,0,,,,0
lower26,literal,512,16,10000,0.80,78,1,1,1356,13,12,0
lower26,literal,512,16,10000,0.80,78,0,0,,,,0
lower26,literal,512,16,10000,0.80,79,1,1,1356,13,12,0
lower26,literal,512,16,10000,0.80,79,0,0,,,,0
lower26,literal,512,16,10000,0.80,80,1,1,1356,13,12,0
lower26,literal,512,16,10000,0.80,80,0,0,,,,0
lower26,literal,512,16,10000,0.80,81,1,1,1356,13,11,0
lower26,literal,512,16,10000,0.80,81,0,0,,,,0
lower26,literal,512,16,10000,0.80,82,1,1,1356,13,10,0
lower26,literal,512,16,10000,0.80,82,0,0,,,,0
lower26,literal,512,16,10000,0.80,83,1,1,1356,13,12,0
lower26,literal,512,16,10000,0.80,83,0,0,,,,0
lower26,literal,512,16,10000,0.80,84,1,1,1356,13,10,0
lower26,literal,512,16,10000,0.80,84,0,0,,,,0
lower26,literal,512,16,10000,0.80,85,1,1,1356,13,11,0
lower26,literal,512,16,10000,0.80,85,0,0,,,,0
lower26,literal,512,16,10000,0.80,86,1,1,1356,13,12,0
lower26,literal,512,16,10000,0.80,86,0,0,,,,0
lower26,literal,512,16,10000,0.80,87,1,1,1356,13,12,0
lower26,literal,512,16,10000,0.80,87,0,0,,,,0
lower26,literal,512,16,10000,0.80,88,1,1,1356,13,10,0
lower26,literal,512,16,10000,0.80,88,0,0,,,,0
lower26,literal,512,16,10000,0.80,89,1,1,1356,13,12,0
lower26,literal,512,16,10000,0.80,89,0,0,,,,0
lower26,literal,512,16,10000,0.80,90,1,1,1356,13,12,0
lower26,literal,512,16,10000,0.80,90,0,0,,,,0
lower26,literal,512,16,10000,0.80,91,1,1,1356,13,12,0
lower26,literal,512,16,10000,0.80,91,0,0,,,,0
lower26,literal,512,16,10000,0.80,92,1,1,1356,13,12,0
lower26,literal,512,16,10000,0.80,92,0,0,,,,0
lower26,literal,512,16,10000,0.80,93,1,1,1356,13,12,0
lower26,literal,512,16,10000,0.80,93,0,0,,,,0
lower26,literal,512,16,10000,0.80,94,1,1,1356,13,12,0
lower26,literal,512,16,10000,0.80,94,0,0,,,,0
lower26,literal,512,16,10000,0.80,95,1,1,1356,13,11,0
lower26,literal,512,16,10000,0.80,95,0,0,,,,0
lower26,literal,512,16,10000,0.80,96,1,1,1356,13,11,0
lower26,literal,512,16,10000,0.80,96,0,0,,,,0
lower26,literal,512,16,10000,0.80,97,1,1,1356,13,12,0
lower26,literal,512,16,10000,0.80,97,0,0,,,,0
lower26,literal,512,16,10000,0.80,98,1,1,1356,13,11,0
lower26,literal,512,16,10000,0.80,98,0,0,,,,0
lower26,literal,512,16,10000,0.80,99,1,1,1356,13,12,0
lower26,literal,512,16,10000,0.80,99,0,0,,,,0
lower26,literal,512,16,10000,0.80,100,1,1,1356,13,12,0
lower26,literal,512,16,10000,0.80,100,0,0,,,,0
lower26,literal,512,16,10000,0.80,101,1,1,1356,13,12,0
lower26,literal,512,16,10000,0.80,101,0,0,,,,0
lower26,literal,512,16,10000,0.80,102,1,1,1356,13,11,0
lower26,literal,512,16,10000,0.80,102,0,0,,,,0
lower26,literal,512,16,10000,0.80,103,1,1,1356,13,12,0
lower26,literal,512,16,10000,0.80,103,0,0,,,,0
lower26,literal,512,16,10000,0.80,104,1,1,1356,13,12,0
lower26,literal,512,16,10000,0.80,104,0,0,,,,0
lower26,literal,512,16,10000,0.80,105,1,1,1356,13,12,0
lower26,literal,512,16,10000,0.80,105,0,0,,,,0
lower26,literal,512,16,10000,0.80,106,1,1,1356,13,12,0
lower26,literal,512,16,10000,0.80,106,0,0,,,,0
lower26,literal,512,16,10000,0.80,107,1,1,1356,13,11,0
lower26,literal,512,16,10000,0.80,107,0,0,,,,0
lower26,literal,512,16,10000,0.80,108,1,1,1356,13,10,0
lower26,literal,512,16,10000,0.80,108,0,0,,,,0
lower26,literal,512,16,10000,0.80,109,1,1,1356,13,12,0
lower26,literal,512,16,10000,0.80,109,0,0,,,,0
lower26,literal,512,16,10000,0.80,110,1,1,1356,13,11,0
lower26,literal,512,16,10000,0.80,110,0,0,,,,0
lower26,literal,512,16,10000,0.80,111,1,1,1356,13,10,0
lower26,literal,512,16,10000,0.80,111,0,0,,,,0
lower26,literal,512,16,10000,0.80,112,1,1,1356,13,12,0
lower26,literal,512,16,10000,0.80,112,0,0,,,,0
lower26,literal,512,16,10000,0.80,113,1,1,1356,13,11,0
lower26,literal,512,16,10000,0.80,113,0,0,,,,0
lower26,literal,512,16,10000,0.80,114,1,1,1356,13,12,0
lower26,literal,512,16,10000,0.80,114,0,0,,,,0
lower26,literal,512,16,10000,0.80,115,1,1,1356,13,11,0
lower26,literal,512,16,10000,0.80,115,0,0,,,,0
lower26,literal,512,16,10000,0.80,116,1,1,1356,13,11,0
lower26,literal,512,16,10000,0.80,116,0,0,,,,0
lower26,literal,512,16,10000,0.80,117,1,1,1356,13,11,0
lower26,literal,512,16,10000,0.80,117,0,0,,,,0
lower26,literal,512,16,10000,0.80,118,1,1,1356,13,12,0
lower26,literal,512,16,10000,0.80,118,0,0,,,,0
lower26,literal,512,16,10000,0.80,119,1,1,1356,13,12,0
lower26,literal,512,16,10000,0.80,119,0,0,,,,0
lower26,literal,512,16,10000,0.80,120,1,1,1356,13,12,0
lower26,literal,512,16,10000,0.80,120,0,0,,,,0
lower26,literal,512,16,10000,0.80,121,1,1,1356,13,12,0
lower26,literal,512,16,10000,0.80,121,0,0,,,,0
lower26,literal,512,16,10000,0.80,122,1,1,1356,13,12,0
lower26,literal,512,16,10000,0.80,122,0,0,,,,0
lower26,literal,512,16,10000,0.80,123,1,1,1356,13,12,0
lower26,literal,512,16,10000,0.80,123,0,0,,,,0
lower26,literal,512,16,10000,0.80,124,1,1,1356,13,11,0
lower26,literal,512,16,10000,0.80,124,0,0,,,,0
lower26,literal,512,16,10000,0.80,125,1,1,1356,13,12,0
lower26,literal,512,16,10000,0.80,125,0,0,,,,0
lower26,literal,512,16,10000,0.80,126,1,1,1356,13,12,0
lower26,literal,512,16,10000,0.80,126,0,0,,,,0
lower26,literal,512,16,10000,0.80,127,1,1,1356,13,12,0
lower26,literal,512,16,10000,0.80,127,0,0,,,,0
lower26,literal,512,16,10000,0.80,128,1,1,1356,13,11,0
lower26,literal,512,16,10000,0.80,128,0,0,,,,0
lower26,literal,512,16,10000,0.80,129,1,1,1356,13,11,0
lower26,literal,512,16,10000,0.80,129,0,0,,,,0
lower26,literal,512,16,10000,0.80,130,1,1,1356,13,12,0
lower26,literal,512,16,10000,0.80,130,0,0,,,,0
lower26,literal,512,16,10000,0.80,131,1,1,1356,13,11,0
lower26,literal,512,16,10000,0.80,131,0,0,,,,0
lower26,literal,512,16,10000,0.80,132,1,1,1356,13,12,0
lower26,literal,512,16,10000,0.80,132,0,0,,,,0
lower26,literal,512,16,10000,0.80,133,1,1,1356,13,11,0
lower26,literal,512,16,10000,0.80,133,0,0,,,,0
lower26,literal,512,16,10000,0.80,134,1,1,1356,13,12,0
lower26,literal,512,16,10000,0.80,134,0,0,,,,0
lower26,literal,512,16,10000,0.80,135,1,1,1356,13,12,0
lower26,literal,512,16,10000,0.80,135,0,0,,,,0
lower26,literal,512,16,10000,0.80,136,1,1,1356,13,12,0
lower26,literal,512,16,10000,0.80,136,0,0,,,,0
lower26,literal,512,16,10000,0.80,137,1,1,1356,13,11,0
lower26,literal,512,16,10000,0.80,137,0,0,,,,0
lower26,literal,512,16,10000,0.80,138,1,1,1356,13,12,0
lower26,literal,512,16,10000,0.80,138,0,0,,,,0
lower26,literal,512,16,10000,0.80,139,1,1,1356,13,12,0
lower26,literal,512,16,10000,0.80,139,0,0,,,,0
lower26,literal,512,16,10000,0.80,140,1,1,1356,13,12,0
lower26,literal,512,16,10000,0.80,140,0,0,,,,0
lower26,literal,512,16,10000,0.80,141,1,1,1356,13,12,0
lower26,literal,512,16,10000,0.80,141,0,0,,,,0
lower26,literal,512,16,10000,0.80,142,1,1,1356,13,12,0
lower26,literal,512,16,10000,0.80,142,0,0,,,,0
lower26,literal,512,16,10000,0.80,143,1,1,1356,13,12,0
lower26,literal,512,16,10000,0.80,143,0,0,,,,0
lower26,literal,512,16,10000,0.80,144,1,1,1356,13,12,0
lower26,literal,512,16,10000,0.80,144,0,0,,,,0
lower26,literal,512,16,10000,0.80,145,1,1,1356,13,12,0
lower26,literal,512,16,10000,0.80,145,0,0,,,,0
lower26,literal,512,16,10000,0.80,146,1,1,1356,13,11,0
lower26,literal,512,16,10000,0.80,146,0,0,,,,0
lower26,literal,512,16,10000,0.80,147,1,1,1356,13,11,0
lower26,literal,512,16,10000,0.80,147,0,0,,,,0
lower26,literal,512,16,10000,0.80,148,1,1,1356,13,12,0
lower26,literal,512,16,10000,0.80,148,0,0,,,,0
lower26,literal,512,16,10000,0.80,149,1,1,1356,13,12,0
lower26,literal,512,16,10000,0.80,149,0,0,,,,0
lower26,literal,512,16,10000,0.80,150,1,1,1356,13,12,0
lower26,literal,512,16,10000,0.80,150,0,0,,,,0
lower26,literal,512,16,10000,0.80,151,1,1,1356,13,12,0
lower26,literal,512,16,10000,0.80,151,0,0,,,,0
lower26,literal,512,16,10000,0.80,152,1,1,1356,13,11,0
lower26,literal,512,16,10000,0.80,152,0,0,,,,0
lower26,literal,512,16,10000,0.80,153,1,1,1356,13,11,0
lower26,literal,512,16,10000,0.80,153,0,0,,,,0
lower26,literal,512,16,10000,0.80,154,1,1,1356,13,12,0
lower26,literal,512,16,10000,0.80,154,0,0,,,,0
lower26,literal,512,16,10000,0.80,155,1,1,1356,13,11,0
lower26,literal,512,16,10000,0.80,155,0,0,,,,0
lower26,literal,512,16,10000,0.80,156,1,1,1356,13,12,0
lower26,literal,512,16,10000,0.80,156,0,0,,,,0
lower26,literal,512,16,10000,0.80,157,1,1,1356,13,12,0
lower26,literal,512,16,10000,0.80,157,0,0,,,,0
lower26,literal,512,16,10000,0.80,158,1,1,1356,13,12,0
lower26,literal,512,16,10000,0.80,158,0,0,,,,0
lower26,literal,512,16,10000,0.80,159,1,1,1356,13,12,0
lower26,literal,512,16,10000,0.80,159,0,0,,,,0
lower26,literal,512,16,10000,0.80,160,1,1,1356,13,12,0
lower26,literal,512,16,10000,0.80,160,0,0,,,,0
lower26,literal,512,16,10000,0.80,161,1,1,1356,13,12,0
lower26,literal,512,16,10000,0.80,161,0,0,,,,0
lower26,literal,512,16,10000,0.80,162,1,1,1356,13,12,0
lower26,literal,512,16,10000,0.80,162,0,0,,,,0
lower26,literal,512,16,10000,0.80,163,1,1,1356,13,12,0
lower26,literal,512,16,10000,0.80,163,0,0,,,,0
lower26,literal,512,16,10000,0.80,164,1,1,1356,13,12,0
lower26,literal,512,16,10000,0.80,164,0,0,,,,0
lower26,literal,512,16,10000,0.80,165,1,1,1356,13,12,0
lower26,literal,512,16,10000,0.80,165,0,0,,,,0
lower26,literal,512,16,10000,0.80,166,1,1,1356,13,12,0
lower26,literal,512,16,10000,0.80,166,0,0,,,,0
lower26,literal,512,16,10000,0.80,167,1,1,1356,13,11,0
lower26,literal,512,16,10000,0.80,167,0,0,,,,0
lower26,literal,512,16,10000,0.80,168,1,1,1356,13,10,0
lower26,literal,512,16,10000,0.80,168,0,0,,,,0
lower26,literal,512,16,10000,0.80,169,1,1,1356,13,12,0
lower26,literal,512,16,10000,0.80,169,0,0,,,,0
lower26,literal,512,16,10000,0.80,170,1,1,1356,13,11,0
lower26,literal,512,16,10000,0.80,170,0,0,,,,0
lower26,literal,512,16,10000,0.80,171,1,1,1356,13,11,0
lower26,literal,512,16,10000,0.80,171,0,0,,,,0
lower26,literal,512,16,10000,0.80,172,1,1,1356,13,11,0
lower26,literal,512,16,10000,0.80,172,0,0,,,,0
lower26,literal,512,16,10000,0.80,173,1,1,1356,13,12,0
lower26,literal,512,16,10000,0.80,173,0,0,,,,0
lower26,literal,512,16,10000,0.80,174,1,1,1356,13,11,0
lower26,literal,512,16,10000,0.80,174,0,0,,,,0
lower26,literal,512,16,10000,0.80,175,1,1,1356,13,12,0
lower26,literal,512,16,10000,0.80,175,0,0,,,,0
lower26,literal,512,16,10000,0.80,176,1,1,1356,13,12,0
lower26,literal,512,16,10000,0.80,176,0,0,,,,0
lower26,literal,512,16,10000,0.80,177,1,1,1356,13,11,0
lower26,literal,512,16,10000,0.80,177,0,0,,,,0
lower26,literal,512,16,10000,0.80,178,1,1,1356,13,12,0
lower26,literal,512,16,10000,0.80,178,0,0,,,,0
lower26,literal,512,16,10000,0.80,179,1,1,1356,13,12,0
lower26,literal,512,16,10000,0.80,179,0,0,,,,0
lower26,literal,512,16,10000,0.80,180,1,1,1356,13,11,0
lower26,literal,512,16,10000,0.80,180,0,0,,,,0
lower26,literal,512,16,10000,0.80,181,1,1,1356,13,11,0
lower26,literal,512,16,10000,0.80,181,0,0,,,,0
lower26,literal,512,16,10000,0.80,182,1,1,1356,13,12,0
lower26,literal,512,16,10000,0.80,182,0,0,,,,0
lower26,literal,512,16,10000,0.80,183,1,1,1356,13,11,0
lower26,literal,512,16,10000,0.80,183,0,0,,,,0
lower26,literal,512,16,10000,0.80,184,1,1,1356,13,12,0
lower26,literal,512,16,10000,0.80,184,0,0,,,,0
lower26,literal,512,16,10000,0.80,185,1,1,1356,13,11,0
lower26,literal,512,16,10000,0.80,185,0,0,,,,0
lower26,literal,512,16,10000,0.80,186,1,1,1356,13,12,0
lower26,literal,512,16,10000,0.80,186,0,0,,,,0
lower26,literal,512,16,10000,0.80,187,1,1,1356,13,11,0
lower26,literal,512,16,10000,0.80,187,0,0,,,,0
lower26,literal,512,16,10000,0.80,188,1,1,1356,13,12,0
lower26,literal,512,16,10000,0.80,188,0,0,,,,0
