signatures,payload,sig_len,mode,rows,dpx,alpha,block_threads,grid_blocks,exit,plant,seed,target,gpu,repeat,trial,kernel_s,endtoend_s,energy_j,mean_power_w,power_samples,energy_counter_j,found,report_sig,report_score,report_pos,mismatches
10000,512,16,literal,registers,on,0.8,32,157,first,-1,1,gpu,NVIDIA H200 NVL,4801,1,0.000365,0.000365,0.046,125.090,1664,0.042,0,,,,0
10000,512,16,literal,registers,on,0.8,32,157,first,-1,1,gpu,NVIDIA H200 NVL,4801,2,0.000365,0.000365,0.041,113.460,1664,0.042,0,,,,0
10000,512,16,literal,registers,on,0.8,32,157,first,-1,1,gpu,NVIDIA H200 NVL,4801,3,0.000365,0.000365,0.041,113.466,1664,0.040,0,,,,0
10000,512,16,literal,registers,on,0.8,32,157,first,-1,1,gpu,NVIDIA H200 NVL,4801,4,0.000365,0.000365,0.041,113.284,1664,0.042,0,,,,0
10000,512,16,literal,registers,on,0.8,32,157,first,-1,1,gpu,NVIDIA H200 NVL,4801,5,0.000365,0.000365,0.041,113.101,1664,0.040,0,,,,0
10000,512,16,literal,registers,off,0.8,32,157,first,-1,1,gpu,NVIDIA H200 NVL,3312,1,0.000560,0.000560,0.065,116.274,1767,0.066,0,,,,0
10000,512,16,literal,registers,off,0.8,32,157,first,-1,1,gpu,NVIDIA H200 NVL,3312,2,0.000560,0.000560,0.068,122.138,1766,0.070,0,,,,0
10000,512,16,literal,registers,off,0.8,32,157,first,-1,1,gpu,NVIDIA H200 NVL,3312,3,0.000560,0.000560,0.068,121.994,1767,0.070,0,,,,0
10000,512,16,literal,registers,off,0.8,32,157,first,-1,1,gpu,NVIDIA H200 NVL,3312,4,0.000560,0.000560,0.068,121.752,1767,0.066,0,,,,0
10000,512,16,literal,registers,off,0.8,32,157,first,-1,1,gpu,NVIDIA H200 NVL,3312,5,0.000560,0.000560,0.068,121.765,1767,0.070,0,,,,0
100000,512,16,literal,registers,on,0.8,32,1563,first,-1,1,gpu,NVIDIA H200 NVL,3825,1,0.000482,0.000482,0.092,191.975,1751,0.111,0,,,,0
100000,512,16,literal,registers,on,0.8,32,1563,first,-1,1,gpu,NVIDIA H200 NVL,3825,2,0.000482,0.000482,0.111,229.507,1751,0.108,0,,,,0
100000,512,16,literal,registers,on,0.8,32,1563,first,-1,1,gpu,NVIDIA H200 NVL,3825,3,0.000482,0.000482,0.111,229.896,1751,0.114,0,,,,0
100000,512,16,literal,registers,on,0.8,32,1563,first,-1,1,gpu,NVIDIA H200 NVL,3825,4,0.000482,0.000482,0.111,229.858,1751,0.108,0,,,,0
100000,512,16,literal,registers,on,0.8,32,1563,first,-1,1,gpu,NVIDIA H200 NVL,3825,5,0.000482,0.000482,0.111,230.306,1751,0.114,0,,,,0
100000,512,16,literal,registers,off,0.8,32,1563,first,-1,1,gpu,NVIDIA H200 NVL,1710,1,0.001128,0.001128,0.234,207.611,1833,0.255,0,,,,0
100000,512,16,literal,registers,off,0.8,32,1563,first,-1,1,gpu,NVIDIA H200 NVL,1710,2,0.001128,0.001128,0.264,234.493,1832,0.274,0,,,,0
100000,512,16,literal,registers,off,0.8,32,1563,first,-1,1,gpu,NVIDIA H200 NVL,1710,3,0.001128,0.001128,0.265,234.568,1833,0.260,0,,,,0
100000,512,16,literal,registers,off,0.8,32,1563,first,-1,1,gpu,NVIDIA H200 NVL,1710,4,0.001128,0.001128,0.265,234.644,1833,0.261,0,,,,0
100000,512,16,literal,registers,off,0.8,32,1563,first,-1,1,gpu,NVIDIA H200 NVL,1710,5,0.001128,0.001128,0.265,234.789,1832,0.275,0,,,,0
1000000,512,16,literal,registers,on,0.8,32,15625,first,-1,1,gpu,NVIDIA H200 NVL,467,1,0.004243,0.004243,0.906,213.621,1882,1.052,0,,,,0
1000000,512,16,literal,registers,on,0.8,32,15625,first,-1,1,gpu,NVIDIA H200 NVL,467,2,0.004243,0.004243,1.051,247.793,1882,1.062,0,,,,0
1000000,512,16,literal,registers,on,0.8,32,15625,first,-1,1,gpu,NVIDIA H200 NVL,467,3,0.004243,0.004243,1.049,247.234,1883,1.058,0,,,,0
1000000,512,16,literal,registers,on,0.8,32,15625,first,-1,1,gpu,NVIDIA H200 NVL,467,4,0.004243,0.004243,1.047,246.984,1882,1.058,0,,,,0
1000000,512,16,literal,registers,on,0.8,32,15625,first,-1,1,gpu,NVIDIA H200 NVL,467,5,0.004242,0.004243,1.049,247.475,1882,1.060,0,,,,0
1000000,512,16,literal,registers,off,0.8,32,15625,first,-1,1,gpu,NVIDIA H200 NVL,199,1,0.010052,0.010052,2.186,217.485,1901,2.522,0,,,,0
1000000,512,16,literal,registers,off,0.8,32,15625,first,-1,1,gpu,NVIDIA H200 NVL,199,2,0.010052,0.010052,2.508,249.695,1900,2.506,0,,,,0
1000000,512,16,literal,registers,off,0.8,32,15625,first,-1,1,gpu,NVIDIA H200 NVL,199,3,0.010052,0.010052,2.541,252.793,1901,2.541,0,,,,0
1000000,512,16,literal,registers,off,0.8,32,15625,first,-1,1,gpu,NVIDIA H200 NVL,199,4,0.010052,0.010052,2.536,252.508,1900,2.540,0,,,,0
1000000,512,16,literal,registers,off,0.8,32,15625,first,-1,1,gpu,NVIDIA H200 NVL,199,5,0.010055,0.010056,2.535,252.257,1901,2.529,0,,,,0
10000000,512,16,literal,registers,on,0.8,32,156250,first,-1,1,gpu,NVIDIA H200 NVL,49,1,0.040977,0.040978,8.804,214.892,1908,10.402,0,,,,0
10000000,512,16,literal,registers,on,0.8,32,156250,first,-1,1,gpu,NVIDIA H200 NVL,49,2,0.040983,0.040984,10.454,255.180,1908,10.417,0,,,,0
10000000,512,16,literal,registers,on,0.8,32,156250,first,-1,1,gpu,NVIDIA H200 NVL,49,3,0.040980,0.040981,10.477,255.741,1908,10.442,0,,,,0
10000000,512,16,literal,registers,on,0.8,32,156250,first,-1,1,gpu,NVIDIA H200 NVL,49,4,0.040982,0.040983,10.459,255.451,1907,10.423,0,,,,0
10000000,512,16,literal,registers,on,0.8,32,156250,first,-1,1,gpu,NVIDIA H200 NVL,49,5,0.040977,0.040978,10.470,255.586,1908,10.448,0,,,,0
10000000,512,16,literal,registers,off,0.8,32,156250,first,-1,1,gpu,NVIDIA H200 NVL,21,1,0.097964,0.097967,21.739,222.046,1954,24.574,0,,,,0
10000000,512,16,literal,registers,off,0.8,32,156250,first,-1,1,gpu,NVIDIA H200 NVL,21,2,0.097997,0.097999,25.251,257.813,1955,25.760,0,,,,0
10000000,512,16,literal,registers,off,0.8,32,156250,first,-1,1,gpu,NVIDIA H200 NVL,21,3,0.097973,0.097975,25.316,258.474,1955,25.868,0,,,,0
10000000,512,16,literal,registers,off,0.8,32,156250,first,-1,1,gpu,NVIDIA H200 NVL,21,4,0.098006,0.098008,25.346,258.779,1955,24.622,0,,,,0
10000000,512,16,literal,registers,off,0.8,32,156250,first,-1,1,gpu,NVIDIA H200 NVL,21,5,0.098045,0.098047,25.237,257.489,1956,25.725,0,,,,0
20000000,512,16,literal,registers,on,0.8,32,312500,first,-1,1,gpu,NVIDIA H200 NVL,25,1,0.081795,0.081797,17.678,216.284,1942,21.519,0,,,,0
20000000,512,16,literal,registers,on,0.8,32,312500,first,-1,1,gpu,NVIDIA H200 NVL,25,2,0.081825,0.081827,20.946,256.034,1944,20.495,0,,,,0
20000000,512,16,literal,registers,on,0.8,32,312500,first,-1,1,gpu,NVIDIA H200 NVL,25,3,0.081828,0.081830,20.949,256.064,1944,21.514,0,,,,0
20000000,512,16,literal,registers,on,0.8,32,312500,first,-1,1,gpu,NVIDIA H200 NVL,25,4,0.081820,0.081822,20.958,256.313,1943,20.520,0,,,,0
20000000,512,16,literal,registers,on,0.8,32,312500,first,-1,1,gpu,NVIDIA H200 NVL,25,5,0.081813,0.081815,21.016,257.023,1943,21.572,0,,,,0
20000000,512,16,literal,registers,off,0.8,32,312500,first,-1,1,gpu,NVIDIA H200 NVL,11,1,0.195765,0.195770,44.411,227.011,2045,51.595,0,,,,0
20000000,512,16,literal,registers,off,0.8,32,312500,first,-1,1,gpu,NVIDIA H200 NVL,11,2,0.195806,0.195810,50.301,257.041,2046,49.052,0,,,,0
20000000,512,16,literal,registers,off,0.8,32,312500,first,-1,1,gpu,NVIDIA H200 NVL,11,3,0.195871,0.195876,50.364,257.235,2047,51.486,0,,,,0
20000000,512,16,literal,registers,off,0.8,32,312500,first,-1,1,gpu,NVIDIA H200 NVL,11,4,0.195844,0.195849,50.431,257.704,2046,49.205,0,,,,0
20000000,512,16,literal,registers,off,0.8,32,312500,first,-1,1,gpu,NVIDIA H200 NVL,11,5,0.195879,0.195883,50.331,257.067,2047,49.160,0,,,,0
30000000,512,16,literal,registers,on,0.8,32,468750,first,-1,1,gpu,NVIDIA H200 NVL,17,1,0.122647,0.122649,26.788,218.584,1980,31.565,0,,,,0
30000000,512,16,literal,registers,on,0.8,32,468750,first,-1,1,gpu,NVIDIA H200 NVL,17,2,0.122643,0.122646,31.328,255.527,1981,31.624,0,,,,0
30000000,512,16,literal,registers,on,0.8,32,468750,first,-1,1,gpu,NVIDIA H200 NVL,17,3,0.122644,0.122646,31.462,256.753,1980,31.651,0,,,,0
30000000,512,16,literal,registers,on,0.8,32,468750,first,-1,1,gpu,NVIDIA H200 NVL,17,4,0.122668,0.122670,31.321,255.471,1981,31.591,0,,,,0
30000000,512,16,literal,registers,on,0.8,32,468750,first,-1,1,gpu,NVIDIA H200 NVL,17,5,0.122671,0.122674,31.306,255.353,1981,31.597,0,,,,0
30000000,512,16,literal,registers,off,0.8,32,468750,first,-1,1,gpu,NVIDIA H200 NVL,7,1,0.293547,0.293552,68.257,232.515,1953,73.580,0,,,,0
30000000,512,16,literal,registers,off,0.8,32,468750,first,-1,1,gpu,NVIDIA H200 NVL,7,2,0.293494,0.293502,75.860,258.572,1952,77.541,0,,,,0
30000000,512,16,literal,registers,off,0.8,32,468750,first,-1,1,gpu,NVIDIA H200 NVL,7,3,0.293607,0.293612,75.672,257.797,1953,77.323,0,,,,0
30000000,512,16,literal,registers,off,0.8,32,468750,first,-1,1,gpu,NVIDIA H200 NVL,7,4,0.293555,0.293560,75.596,257.670,1952,73.628,0,,,,0
30000000,512,16,literal,registers,off,0.8,32,468750,first,-1,1,gpu,NVIDIA H200 NVL,7,5,0.293532,0.293539,75.771,258.263,1952,77.640,0,,,,0
40000000,512,16,literal,registers,on,0.8,32,625000,first,-1,1,gpu,NVIDIA H200 NVL,13,1,0.163449,0.163452,36.412,222.818,2019,43.241,0,,,,0
40000000,512,16,literal,registers,on,0.8,32,625000,first,-1,1,gpu,NVIDIA H200 NVL,13,2,0.163421,0.163425,41.818,256.049,2018,41.365,0,,,,0
40000000,512,16,literal,registers,on,0.8,32,625000,first,-1,1,gpu,NVIDIA H200 NVL,13,3,0.163444,0.163447,41.830,256.125,2018,41.381,0,,,,0
40000000,512,16,literal,registers,on,0.8,32,625000,first,-1,1,gpu,NVIDIA H200 NVL,13,4,0.163428,0.163433,41.869,256.361,2018,43.399,0,,,,0
40000000,512,16,literal,registers,on,0.8,32,625000,first,-1,1,gpu,NVIDIA H200 NVL,13,5,0.163422,0.163427,41.905,256.585,2018,41.455,0,,,,0
40000000,512,16,literal,registers,off,0.8,32,625000,first,-1,1,gpu,NVIDIA H200 NVL,6,1,0.391063,0.391071,94.093,240.701,2229,98.586,0,,,,0
40000000,512,16,literal,registers,off,0.8,32,625000,first,-1,1,gpu,NVIDIA H200 NVL,6,2,0.391163,0.391174,100.837,257.860,2230,103.219,0,,,,0
40000000,512,16,literal,registers,off,0.8,32,625000,first,-1,1,gpu,NVIDIA H200 NVL,6,3,0.391070,0.391077,100.991,258.371,2229,98.975,0,,,,0
40000000,512,16,literal,registers,off,0.8,32,625000,first,-1,1,gpu,NVIDIA H200 NVL,6,4,0.391062,0.391072,101.063,258.555,2229,103.534,0,,,,0
40000000,512,16,literal,registers,off,0.8,32,625000,first,-1,1,gpu,NVIDIA H200 NVL,6,5,0.391041,0.391051,101.294,259.145,2229,99.348,0,,,,0
50000000,512,16,literal,registers,on,0.8,32,781250,first,-1,1,gpu,NVIDIA H200 NVL,10,1,0.204274,0.204279,45.810,224.308,1941,51.010,0,,,,0
50000000,512,16,literal,registers,on,0.8,32,781250,first,-1,1,gpu,NVIDIA H200 NVL,10,2,0.204244,0.204249,52.145,255.481,1940,53.691,0,,,,0
50000000,512,16,literal,registers,on,0.8,32,781250,first,-1,1,gpu,NVIDIA H200 NVL,10,3,0.204275,0.204279,52.247,255.982,1940,51.191,0,,,,0
50000000,512,16,literal,registers,on,0.8,32,781250,first,-1,1,gpu,NVIDIA H200 NVL,10,4,0.204276,0.204279,52.216,255.827,1940,53.775,0,,,,0
50000000,512,16,literal,registers,on,0.8,32,781250,first,-1,1,gpu,NVIDIA H200 NVL,10,5,0.204261,0.204265,52.343,256.446,1940,51.290,0,,,,0
50000000,512,16,literal,registers,off,0.8,32,781250,first,-1,1,gpu,NVIDIA H200 NVL,5,1,0.488800,0.488808,120.024,245.704,2321,128.449,0,,,,0
50000000,512,16,literal,registers,off,0.8,32,781250,first,-1,1,gpu,NVIDIA H200 NVL,5,2,0.488840,0.488851,125.791,257.436,2322,123.635,0,,,,0
50000000,512,16,literal,registers,off,0.8,32,781250,first,-1,1,gpu,NVIDIA H200 NVL,5,3,0.488734,0.488743,126.004,257.983,2321,128.995,0,,,,0
50000000,512,16,literal,registers,off,0.8,32,781250,first,-1,1,gpu,NVIDIA H200 NVL,5,4,0.488840,0.488847,126.024,257.913,2322,123.871,0,,,,0
50000000,512,16,literal,registers,off,0.8,32,781250,first,-1,1,gpu,NVIDIA H200 NVL,5,5,0.488843,0.488849,126.151,258.173,2322,129.082,0,,,,0
10000,1024,32,literal,registers,on,0.8,32,157,first,-1,1,gpu,NVIDIA H200 NVL,1302,1,0.001493,0.001493,0.192,128.894,1847,0.179,0,,,,0
10000,1024,32,literal,registers,on,0.8,32,157,first,-1,1,gpu,NVIDIA H200 NVL,1302,2,0.001493,0.001494,0.174,116.745,1848,0.170,0,,,,0
10000,1024,32,literal,registers,on,0.8,32,157,first,-1,1,gpu,NVIDIA H200 NVL,1302,3,0.001494,0.001494,0.174,116.552,1848,0.179,0,,,,0
10000,1024,32,literal,registers,on,0.8,32,157,first,-1,1,gpu,NVIDIA H200 NVL,1302,4,0.001494,0.001494,0.174,116.324,1848,0.170,0,,,,0
10000,1024,32,literal,registers,on,0.8,32,157,first,-1,1,gpu,NVIDIA H200 NVL,1302,5,0.001494,0.001494,0.173,116.131,1848,0.178,0,,,,0
10000,1024,32,literal,registers,off,0.8,32,157,first,-1,1,gpu,NVIDIA H200 NVL,913,1,0.002143,0.002144,0.258,120.496,1860,0.276,0,,,,0
10000,1024,32,literal,registers,off,0.8,32,157,first,-1,1,gpu,NVIDIA H200 NVL,913,2,0.002143,0.002144,0.272,126.920,1859,0.264,0,,,,0
10000,1024,32,literal,registers,off,0.8,32,157,first,-1,1,gpu,NVIDIA H200 NVL,913,3,0.002144,0.002144,0.272,126.895,1860,0.278,0,,,,0
10000,1024,32,literal,registers,off,0.8,32,157,first,-1,1,gpu,NVIDIA H200 NVL,913,4,0.002143,0.002143,0.271,126.790,1858,0.278,0,,,,0
10000,1024,32,literal,registers,off,0.8,32,157,first,-1,1,gpu,NVIDIA H200 NVL,913,5,0.002143,0.002143,0.271,126.549,1859,0.263,0,,,,0
100000,1024,32,literal,registers,on,0.8,32,1563,first,-1,1,gpu,NVIDIA H200 NVL,937,1,0.002096,0.002096,0.416,198.472,1866,0.496,0,,,,0
100000,1024,32,literal,registers,on,0.8,32,1563,first,-1,1,gpu,NVIDIA H200 NVL,937,2,0.002096,0.002096,0.492,234.758,1866,0.476,0,,,,0
100000,1024,32,literal,registers,on,0.8,32,1563,first,-1,1,gpu,NVIDIA H200 NVL,937,3,0.002096,0.002096,0.494,235.792,1866,0.503,0,,,,0
100000,1024,32,literal,registers,on,0.8,32,1563,first,-1,1,gpu,NVIDIA H200 NVL,937,4,0.002096,0.002096,0.494,235.742,1866,0.504,0,,,,0
100000,1024,32,literal,registers,on,0.8,32,1563,first,-1,1,gpu,NVIDIA H200 NVL,937,5,0.002096,0.002096,0.495,236.270,1866,0.479,0,,,,0
100000,1024,32,literal,registers,off,0.8,32,1563,first,-1,1,gpu,NVIDIA H200 NVL,387,1,0.005104,0.005104,1.056,207.086,1876,1.177,0,,,,0
100000,1024,32,literal,registers,off,0.8,32,1563,first,-1,1,gpu,NVIDIA H200 NVL,387,2,0.005104,0.005104,1.185,232.222,1877,1.200,0,,,,0
100000,1024,32,literal,registers,off,0.8,32,1563,first,-1,1,gpu,NVIDIA H200 NVL,387,3,0.005104,0.005104,1.186,232.635,1876,1.202,0,,,,0
100000,1024,32,literal,registers,off,0.8,32,1563,first,-1,1,gpu,NVIDIA H200 NVL,387,4,0.005104,0.005104,1.183,231.873,1877,1.139,0,,,,0
100000,1024,32,literal,registers,off,0.8,32,1563,first,-1,1,gpu,NVIDIA H200 NVL,387,5,0.005104,0.005104,1.186,232.516,1876,1.143,0,,,,0
1000000,1024,32,literal,registers,on,0.8,32,15625,first,-1,1,gpu,NVIDIA H200 NVL,100,1,0.020104,0.020105,4.182,208.121,1910,4.817,0,,,,0
1000000,1024,32,literal,registers,on,0.8,32,15625,first,-1,1,gpu,NVIDIA H200 NVL,100,2,0.020104,0.020105,4.880,242.864,1910,4.865,0,,,,0
1000000,1024,32,literal,registers,on,0.8,32,15625,first,-1,1,gpu,NVIDIA H200 NVL,100,3,0.020104,0.020105,4.876,242.674,1910,5.095,0,,,,0
1000000,1024,32,literal,registers,on,0.8,32,15625,first,-1,1,gpu,NVIDIA H200 NVL,100,4,0.020104,0.020104,4.910,244.351,1910,4.883,0,,,,0
1000000,1024,32,literal,registers,on,0.8,32,15625,first,-1,1,gpu,NVIDIA H200 NVL,100,5,0.020104,0.020104,4.893,243.476,1910,4.878,0,,,,0
1000000,1024,32,literal,registers,off,0.8,32,15625,first,-1,1,gpu,NVIDIA H200 NVL,44,1,0.046193,0.046194,9.814,212.539,1931,11.738,0,,,,0
1000000,1024,32,literal,registers,off,0.8,32,15625,first,-1,1,gpu,NVIDIA H200 NVL,44,2,0.046193,0.046194,11.427,247.481,1931,11.253,0,,,,0
1000000,1024,32,literal,registers,off,0.8,32,15625,first,-1,1,gpu,NVIDIA H200 NVL,44,3,0.046194,0.046195,11.464,248.284,1931,11.277,0,,,,0
1000000,1024,32,literal,registers,off,0.8,32,15625,first,-1,1,gpu,NVIDIA H200 NVL,44,4,0.046195,0.046196,11.476,248.552,1931,11.863,0,,,,0
1000000,1024,32,literal,registers,off,0.8,32,15625,first,-1,1,gpu,NVIDIA H200 NVL,44,5,0.046193,0.046194,11.484,248.717,1931,11.299,0,,,,0
10000000,1024,32,literal,registers,on,0.8,32,156250,first,-1,1,gpu,NVIDIA H200 NVL,11,1,0.194874,0.194879,42.569,218.572,2036,49.654,0,,,,0
10000000,1024,32,literal,registers,on,0.8,32,156250,first,-1,1,gpu,NVIDIA H200 NVL,11,2,0.194861,0.194866,48.451,248.679,2037,47.469,0,,,,0
10000000,1024,32,literal,registers,on,0.8,32,156250,first,-1,1,gpu,NVIDIA H200 NVL,11,3,0.194879,0.194884,48.394,248.390,2037,49.670,0,,,,0
10000000,1024,32,literal,registers,on,0.8,32,156250,first,-1,1,gpu,NVIDIA H200 NVL,11,4,0.194805,0.194810,48.433,248.710,2036,47.529,0,,,,0
10000000,1024,32,literal,registers,on,0.8,32,156250,first,-1,1,gpu,NVIDIA H200 NVL,11,5,0.194831,0.194835,48.478,248.947,2036,49.823,0,,,,0
10000000,1024,32,literal,registers,off,0.8,32,156250,first,-1,1,gpu,NVIDIA H200 NVL,5,1,0.452951,0.452962,107.364,237.071,2152,110.172,0,,,,0
10000000,1024,32,literal,registers,off,0.8,32,156250,first,-1,1,gpu,NVIDIA H200 NVL,5,2,0.453053,0.453065,113.986,251.711,2152,115.737,0,,,,0
10000000,1024,32,literal,registers,off,0.8,32,156250,first,-1,1,gpu,NVIDIA H200 NVL,5,3,0.453123,0.453131,113.844,251.400,2152,115.672,0,,,,0
10000000,1024,32,literal,registers,off,0.8,32,156250,first,-1,1,gpu,NVIDIA H200 NVL,5,4,0.453067,0.453078,114.082,251.928,2152,115.888,0,,,,0
10000000,1024,32,literal,registers,off,0.8,32,156250,first,-1,1,gpu,NVIDIA H200 NVL,5,5,0.452949,0.452960,113.757,251.323,2151,110.608,0,,,,0
20000000,1024,32,literal,registers,on,0.8,32,312500,first,-1,1,gpu,NVIDIA H200 NVL,6,1,0.389330,0.389338,90.088,231.500,2219,94.942,0,,,,0
20000000,1024,32,literal,registers,on,0.8,32,312500,first,-1,1,gpu,NVIDIA H200 NVL,6,2,0.389335,0.389346,96.647,248.261,2220,99.293,0,,,,0
20000000,1024,32,literal,registers,on,0.8,32,312500,first,-1,1,gpu,NVIDIA H200 NVL,6,3,0.389270,0.389278,96.485,247.950,2219,95.144,0,,,,0
20000000,1024,32,literal,registers,on,0.8,32,312500,first,-1,1,gpu,NVIDIA H200 NVL,6,4,0.389268,0.389278,96.717,248.553,2219,95.325,0,,,,0
20000000,1024,32,literal,registers,on,0.8,32,312500,first,-1,1,gpu,NVIDIA H200 NVL,6,5,0.389285,0.389296,96.598,248.245,2219,95.238,0,,,,0
20000000,1024,32,literal,registers,off,0.8,32,312500,first,-1,1,gpu,NVIDIA H200 NVL,3,1,0.905343,0.905362,226.200,249.964,2580,233.848,0,,,,0
20000000,1024,32,literal,registers,off,0.8,32,312500,first,-1,1,gpu,NVIDIA H200 NVL,3,2,0.905253,0.905277,226.773,250.603,2580,225.646,0,,,,0
20000000,1024,32,literal,registers,off,0.8,32,312500,first,-1,1,gpu,NVIDIA H200 NVL,3,3,0.905316,0.905340,227.379,251.175,2581,226.249,0,,,,0
20000000,1024,32,literal,registers,off,0.8,32,312500,first,-1,1,gpu,NVIDIA H200 NVL,3,4,0.905252,0.905271,227.650,251.567,2580,226.463,0,,,,0
20000000,1024,32,literal,registers,off,0.8,32,312500,first,-1,1,gpu,NVIDIA H200 NVL,3,5,0.905222,0.905244,227.893,251.841,2580,234.933,0,,,,0
30000000,1024,32,literal,registers,on,0.8,32,468750,first,-1,1,gpu,NVIDIA H200 NVL,4,1,0.583747,0.583764,139.502,238.989,2219,148.130,0,,,,0
30000000,1024,32,literal,registers,on,0.8,32,468750,first,-1,1,gpu,NVIDIA H200 NVL,4,2,0.583671,0.583685,144.320,247.370,2218,142.226,0,,,,0
30000000,1024,32,literal,registers,on,0.8,32,468750,first,-1,1,gpu,NVIDIA H200 NVL,4,3,0.583734,0.583746,144.393,247.492,2218,148.497,0,,,,0
30000000,1024,32,literal,registers,on,0.8,32,468750,first,-1,1,gpu,NVIDIA H200 NVL,4,4,0.583618,0.583629,144.178,247.126,2218,142.214,0,,,,0
30000000,1024,32,literal,registers,on,0.8,32,468750,first,-1,1,gpu,NVIDIA H200 NVL,4,5,0.583596,0.583611,144.399,247.617,2217,142.487,0,,,,0
30000000,1024,32,literal,registers,off,0.8,32,468750,first,-1,1,gpu,NVIDIA H200 NVL,2,1,1.357724,1.357776,338.513,249.487,2579,336.907,0,,,,0
30000000,1024,32,literal,registers,off,0.8,32,468750,first,-1,1,gpu,NVIDIA H200 NVL,2,2,1.357668,1.357712,339.542,250.148,2580,337.424,0,,,,0
30000000,1024,32,literal,registers,off,0.8,32,468750,first,-1,1,gpu,NVIDIA H200 NVL,2,3,1.357659,1.357698,339.830,250.360,2580,338.094,0,,,,0
30000000,1024,32,literal,registers,off,0.8,32,468750,first,-1,1,gpu,NVIDIA H200 NVL,2,4,1.357508,1.357554,340.331,250.729,2580,351.017,0,,,,0
30000000,1024,32,literal,registers,off,0.8,32,468750,first,-1,1,gpu,NVIDIA H200 NVL,2,5,1.357727,1.357767,339.975,250.465,2580,338.091,0,,,,0
40000000,1024,32,literal,registers,on,0.8,32,625000,first,-1,1,gpu,NVIDIA H200 NVL,3,1,0.777710,0.777724,189.331,243.604,2216,196.934,0,,,,0
40000000,1024,32,literal,registers,on,0.8,32,625000,first,-1,1,gpu,NVIDIA H200 NVL,3,2,0.777599,0.777618,190.969,245.716,2216,188.556,0,,,,0
40000000,1024,32,literal,registers,on,0.8,32,625000,first,-1,1,gpu,NVIDIA H200 NVL,3,3,0.777723,0.777738,191.900,246.802,2217,189.264,0,,,,0
40000000,1024,32,literal,registers,on,0.8,32,625000,first,-1,1,gpu,NVIDIA H200 NVL,3,4,0.777555,0.777567,192.161,247.137,2217,197.881,0,,,,0
40000000,1024,32,literal,registers,on,0.8,32,625000,first,-1,1,gpu,NVIDIA H200 NVL,3,5,0.777708,0.777720,192.324,247.459,2216,189.664,0,,,,0
40000000,1024,32,literal,registers,off,0.8,32,625000,first,-1,1,gpu,NVIDIA H200 NVL,2,1,1.809974,1.810012,450.145,248.772,3439,448.018,0,,,,0
40000000,1024,32,literal,registers,off,0.8,32,625000,first,-1,1,gpu,NVIDIA H200 NVL,2,2,1.809780,1.809812,451.047,249.270,3439,461.124,0,,,,0
40000000,1024,32,literal,registers,off,0.8,32,625000,first,-1,1,gpu,NVIDIA H200 NVL,2,3,1.809881,1.809908,451.551,249.549,3439,449.476,0,,,,0
40000000,1024,32,literal,registers,off,0.8,32,625000,first,-1,1,gpu,NVIDIA H200 NVL,2,4,1.809835,1.809863,452.932,250.312,3439,450.336,0,,,,0
40000000,1024,32,literal,registers,off,0.8,32,625000,first,-1,1,gpu,NVIDIA H200 NVL,2,5,1.809689,1.809726,453.895,250.844,3439,451.599,0,,,,0
50000000,1024,32,literal,registers,on,0.8,32,781250,first,-1,1,gpu,NVIDIA H200 NVL,3,1,0.972081,0.972100,238.518,245.494,2770,237.548,0,,,,0
50000000,1024,32,literal,registers,on,0.8,32,781250,first,-1,1,gpu,NVIDIA H200 NVL,3,2,0.971985,0.972010,239.314,246.316,2770,246.313,0,,,,0
50000000,1024,32,literal,registers,on,0.8,32,781250,first,-1,1,gpu,NVIDIA H200 NVL,3,3,0.972066,0.972085,239.298,246.297,2770,238.193,0,,,,0
50000000,1024,32,literal,registers,on,0.8,32,781250,first,-1,1,gpu,NVIDIA H200 NVL,3,4,0.972026,0.972042,239.956,246.887,2771,238.660,0,,,,0
50000000,1024,32,literal,registers,on,0.8,32,781250,first,-1,1,gpu,NVIDIA H200 NVL,3,5,0.972009,0.972022,240.281,247.310,2770,238.975,0,,,,0
50000000,1024,32,literal,registers,off,0.8,32,781250,first,-1,1,gpu,NVIDIA H200 NVL,1,1,2.262239,2.262311,560.957,248.096,2149,570.469,0,,,,0
50000000,1024,32,literal,registers,off,0.8,32,781250,first,-1,1,gpu,NVIDIA H200 NVL,1,2,2.262134,2.262192,561.996,248.440,2150,571.639,0,,,,0
50000000,1024,32,literal,registers,off,0.8,32,781250,first,-1,1,gpu,NVIDIA H200 NVL,1,3,2.261949,2.261998,562.686,248.860,2149,547.500,0,,,,0
50000000,1024,32,literal,registers,off,0.8,32,781250,first,-1,1,gpu,NVIDIA H200 NVL,1,4,2.262187,2.262236,563.201,249.088,2149,573.201,0,,,,0
50000000,1024,32,literal,registers,off,0.8,32,781250,first,-1,1,gpu,NVIDIA H200 NVL,1,5,2.262173,2.262206,563.695,249.307,2149,572.953,0,,,,0
